{
  "author":[
    {
      "name":"Fernando García Aguirre",
      "contactname":"ferisagaragu@gmail.com"
    },{
      "name":"com.googlecode.json-simple",
      "contactname":"https://code.google.com/archive/p/json-simple/"
    }
  ],
  "constant":[
        {
            "name":"JSON_MODE",
            "description":"Variable para seleccionar el modo del Json",
            "code":"public static final int JSON_MODE;",
            "value":"23",
            "example":"Json json = new Json(Json.JSON_MODE);"
        }
  ],
  "variable":[
    {
      "name":"JSON_MODE",
      "type":"int",
      "encapsulation":[
        {"type":"static"},
        {"type":"final"}
      ]
    }
  ],
  "constructor":[
    {
      "name":"Json",
      "parameter":[{"type":"Object","name":"json"}],
      "description":"Se construye con un objeto que contenga un String con un Json valido"
    }
  ],
  "method":
  [
    {
      "name":"getString",
      "parameter":[{"type":"Object","name":"key"}],
      "description":"Trae un objeto del Json convertido en String"
    },{
      "name":"getInteger",
      "parameter":[{"type":"Object","name":"key"}],
      "description":"Trae un objeto del Json convertido en Integer"
    },{
      "name":"getFloat",
      "parameter":[{"type":"Object","name":"key"}],
      "description":"Trae un objeto del Json convertido en Float"
    },{
      "name":"getBoolean",
      "parameter":[{"type":"Object","name":"key"}],
      "description":"Trae un objeto del Json convertido en Boolean"
    },{
      "name":"getCharacter",
      "parameter":[{"type":"Object","name":"key"}],
      "description":"Trae un objeto del Json convertido en Character"
    },{
      "name":"getDouble",
      "parameter":[{"type":"Object","name":"key"}],
      "description":"Trae un objeto del Json convertido en Boolean"
    },{
      "name":"getObject",
      "parameter":[{"type":"Object","name":"key"}],
      "description":"Trae un objeto del Json convertido en Object"
    },{
      "name":"getJSON",
      "parameter":[{"type":"Object","name":"key"}],
      "description":"Trae un objeto del Json convertido en JSON"
    },{
      "name":"getJSONArray",
      "parameter":[{"type":"Object","name":"key"}],
      "description":"Trae un objeto del Json convertido en JSONArray"
    }

  ]
}
