{
  "author":[
    {
      "name":"Fernando García Aguirre",
      "contactname":"ferisagaragu@gmail.com"
    }
  ],
  "method":
  [
    {
      "id":"PETIM - 001",
      "name":"doGet",
      "encapsulation":"static",
      "parameter":[{"type":"String","name":"url","desc":"Este es el URL con el que se hara la petición Get."}],
      "description":"Hace una petición GET a un URL y retorna como resultado la respuesta para ser procesada.",
      "return":[{"type":"String","desc":"Contiene la respuesta de la petición."}],
      "code":"Petition.doGet(\"http://www.example.com?data=\\\"hello world\\\"\");"
    },{
      "id":"PETIM - 002",
      "name":"doDelete",
      "encapsulation":"static",
      "parameter":[
                {"type":"String","name":"url","desc":"Este es el URL con el que se hara la petición Delete."},
                {"type":"Map<Object,Object>","name":"params","desc":"Este es el mapa de datos con el que se hara la petición Delete."}
            ],
      "description":"Hace una petición DELETE a un URL y retorna como resultado la respuesta para ser procesada.",
      "return":[{"type":"String","desc":"Contiene la respuesta de la petición."}],
      "code":"Map<Object,Object> map = new HasMap<>();\nmap.put(\"toEliminate\",\"1\");\nPetition.doDelete(\"http://www.example.com\",map);"
    },{
      "id":"PETIM - 003",
      "name":"doPut",
      "encapsulation":"static",
      "parameter":[
                {"type":"String","name":"url","desc":"Este es el URL con el que se hara la petición Put."},
                {"type":"Map<Object,Object>","name":"params","desc":"Este es el mapa de datos con el que se hara la petición Put."}
            ],
      "description":"Hace una petición PUT a un URL y retorna como resultado la respuesta para ser procesada.",
      "return":[{"type":"String","desc":"Contiene la respuesta de la petición."}],
      "code":"Map<Object,Object> map = new HasMap<>();\nmap.put(\"toEliminate\",\"1\");\nPetition.doPut(\"http://www.example.com\",map);"
    },{
      "id":"PETIM - 004",
      "name":"doPost",
      "encapsulation":"static",
      "parameter":[
                {"type":"String","name":"url","desc":"Este es el URL con el que se hara la petición Post."},
                {"type":"Map<Object,Object>","name":"params","desc":"Este es el mapa de datos con el que se hara la petición Post."}
            ],
      "description":"Hace una petición POST a un URL y retorna como resultado la respuesta para ser procesada.",
      "return":[{"type":"String","desc":"Contiene la respuesta de la petición."}],
      "code":"Map<Object,Object> map = new HasMap<>();\nmap.put(\"toEliminate\",\"1\");\nPetition.doPost(\"http://www.example.com\",map);"
    }
  ]
}
