{
    "util":[
        {"name":"Json","version":"0.0.2","package":"org.javabrain.util.data","description":"Manejo de Objetos JSON"},
        {"name":"Archive","version":"0.0.1","package":"org.javabrain.util.data","description":"Manejo de archvios"},
        {"name":"Path","version":"0.0.1","package":"org.javabrain.util.resource","description":"Manejo de rutas"},
        {"name":"Petition","version":"0.0.1","package":"org.javabrain.util.web.service","description":"Peticiones GET, POST, UPDATE, DELETE"},
        {"name":"Traslator","version":"0.0.1","package":"org.javabrain.util.web.service","description":"Traducción de cadenas a otros idiomas"},
        {"name":"Valuta","version":"0.0.1","package":"org.javabrain.util.web.service","description":"Converción de divisas"}
    ]
}




